{
    "0": {
        "cost": 10.0,
        "acc": 0.7293333333333333
    },
    "1": {
        "cost": 102.13333333333333,
        "acc": 0.7796666666666666
    },
    "2": {
        "cost": 103.30000000000001,
        "acc": 0.7803333333333333
    },
    "3": {
        "cost": 103.30000000000001,
        "acc": 0.772
    },
    "4": {
        "cost": 100.4,
        "acc": 0.7493333333333333
    }
}